"name","value"
"tx","-1.769956111907959"
"ty","3.037130832672119"
"tz","-1.1883662939071655"
"rx","50.39996337890625"
"ry","16.8551025390625"
"rz","0.5456244945526123"
"sx","0.9999999403953552"
"sy","0.9999995827674866"
"sz","0.9999995231628418"
"tx","1.5855822563171387"
"ty","3.0302815437316895"
"tz","-1.1715407371520996"
"rx","51.84482192993164"
"ry","-19.05973243713379"
"rz","-0.6206303238868713"
"sx","0.9999996423721313"
"sy","0.9999995827674866"
"sz","0.9999994039535522"
