"name","value"
"tx","-1.613767385482788"
"ty","2.392369031906128"
"tz","-0.9813221096992493"
"rx","42.443851470947266"
"ry","18.799072265625"
"rz","1.0413751602172852"
"sx","1.0"
"sy","0.9999998807907104"
"sz","0.9999998807907104"
"tx","1.4227783679962158"
"ty","2.2822906970977783"
"tz","-1.156081199645996"
"rx","48.517433166503906"
"ry","-12.798314094543457"
"rz","2.0657193660736084"
"sx","0.9999998211860657"
"sy","0.9999998211860657"
"sz","0.9999995231628418"
