"name","value"
"tx","-1.5260429382324219"
"ty","3.038726806640625"
"tz","-1.2290360927581787"
"rx","51.81684494018555"
"ry","13.395941734313965"
"rz","2.2362923622131348"
"sx","0.9999997615814209"
"sy","0.9999998211860657"
"sz","0.9999998211860657"
"tx","1.4124364852905273"
"ty","3.062734842300415"
"tz","-1.2362529039382935"
"rx","51.411258697509766"
"ry","-12.805115699768066"
"rz","-0.5939648747444153"
"sx","0.9999999403953552"
"sy","0.9999996423721313"
"sz","0.9999998211860657"
