"name","value"
"tx","-1.5261311531066895"
"ty","3.1046338081359863"
"tz","-1.229049801826477"
"rx","42.44384765625"
"ry","18.799072265625"
"rz","1.0413751602172852"
"sx","1.0"
"sy","0.9999998807907104"
"sz","0.9999998807907104"
"tx","1.4715434312820435"
"ty","3.01208233833313"
"tz","-1.399329423904419"
"rx","48.517433166503906"
"ry","-12.798312187194824"
"rz","2.0657193660736084"
"sx","0.9999998211860657"
"sy","0.9999998211860657"
"sz","0.9999995231628418"
