"name","value"
"tx","-1.7725393772125244"
"ty","2.9978928565979004"
"tz","-1.053998589515686"
"rx","52.47392272949219"
"ry","19.128414154052734"
"rz","-0.4107680320739746"
"sx","1.0"
"sy","0.9999997615814209"
"sz","0.9999998807907104"
"tx","1.5562896728515625"
"ty","3.0046324729919434"
"tz","-1.3288501501083374"
"rx","48.43330383300781"
"ry","-14.676363945007324"
"rz","0.051655784249305725"
"sx","0.9999997615814209"
"sy","1.0"
"sz","0.9999998211860657"
