"name","value"
"tx","-1.3696144819259644"
"ty","3.1045949459075928"
"tz","-1.5031126737594604"
"rx","45.53703308105469"
"ry","9.690454483032227"
"rz","1.551066517829895"
"sx","1.0"
"sy","0.9999999403953552"
"sz","0.9999999403953552"
"tx","1.9056365489959717"
"ty","3.0558061599731445"
"tz","-1.2211967706680298"
"rx","52.946319580078125"
"ry","-22.161476135253906"
"rz","-1.6689707040786743"
"sx","0.9999998211860657"
"sy","0.9999998211860657"
"sz","0.9999998211860657"
